section_data_set_id,structure_id,expression_energy,sum_expressing_pixel_intensity,sum_pixels
100049537,17276,17.279,517760.0,29964.7
100049537,17455,25.0901,3689970.0,147068.0
100049537,17612,23.2378,2796690.0,120351.0
100049537,114403727,7.36726,73511.6,9978.14
100049537,16642,22.9867,448993.0,19532.8
100049537,16600,15.9705,1290580.0,80810.5
100049537,111220824,22.3953,2487430.0,111069.0
100049537,16812,6.53489,130070.0,19904.0
100049537,17053,18.4054,13207000.0,717563.0
100049537,16618,22.9688,2556980.0,111324.0
100049537,111220842,17.9606,683660.0,38064.4
100049537,16274,16.461,1106540.0,67221.9
100049537,16287,18.2053,2075010.0,113978.0
100049537,17463,13.2506,783607.0,59137.3
100049537,16409,10.5326,6381200.0,605850.0
100049537,16561,12.3318,1827860.0,148223.0
100049537,16810,15.2065,30158700.0,1983270.0
100049537,17273,5.5709,256971.0,46127.3
100049537,15783,8.16897,81606.7,9989.85
100049537,16888,10.0852,98444.3,9761.26
100049537,15811,10.2107,8427960.0,825405.0
100049537,17395,25.7468,1618150.0,62848.7
100049537,16312,1.01374,12973.3,12797.5
100049537,16724,17.1947,1876920.0,109156.0
100049537,17340,13.4137,6451640.0,480973.0
100049537,15712,7.10054,1173430.0,165259.0
100049537,15753,30.1674,1954420.0,64785.7
100049537,15981,14.737,7313590.0,496275.0
100049537,111220628,31.6904,10911000.0,344300.0
100049537,16216,8.30922,194894.0,23455.1
100049537,16922,7.34572,2873350.0,391160.0
100049537,17353,17.2362,31078800.0,1803110.0
100049537,17082,15.3354,1524110.0,99385.3
100049537,16684,28.8237,28763700.0,997916.0
100049537,111220656,17.8074,2125720.0,119373.0
100049537,17268,17.9752,3482720.0,193752.0
100049537,15567,12.263,377802000.0,30808400.0
100049537,17166,18.051,7733810.0,428443.0
100049537,17512,23.2254,8345120.0,359311.0
100049537,17565,22.6263,2974640.0,131468.0
100049537,17715,9.23936,12874600.0,1393450.0
100049537,17348,5.24632,523977.0,99875.2
100049537,16893,21.1579,2315390.0,109433.0
100049537,111220588,3.28425,88088.9,26821.6
100049537,16984,20.9434,13111500.0,626044.0
100049537,112892437,27.3998,805566.0,29400.4
100049537,16790,17.567,2952030.0,168044.0
100049537,17637,22.6389,2738450.0,120962.0
100049537,15784,11.052,24638200.0,2229290.0
100049537,16800,14.2025,684531.0,48198.0
100049537,111220728,26.5868,788754.0,29667.2
100049537,16693,14.8387,18945300.0,1276750.0
100049537,17501,19.2025,1952990.0,101705.0
100049537,15970,7.81111,354710.0,45411.0
100049537,17595,25.2953,1968750.0,77830.8
100049537,17157,6.28142,610556.0,97200.4
100049537,16548,11.7793,4189490.0,355666.0
100049537,17581,12.7109,125428.0,9867.76
100049537,17485,19.1701,10700200.0,558170.0
100049537,16797,23.4842,915991.0,39004.5
100049537,16324,0.988182,16353.1,16548.7
100049537,111220562,7.2023,9900810.0,1374670.0
100049537,16375,13.3748,46647800.0,3487740.0
100049537,15629,13.7998,1634310.0,118430.0
100049537,17102,9.84335,296985.0,30171.1
100049537,15755,32.3424,1843800.0,57008.8
100049537,16504,22.6821,2036030.0,89763.6
100049537,15922,26.0759,1979320.0,75905.9
100049537,16285,18.2053,2075010.0,113978.0
100049537,16898,13.5605,137796.0,10161.6
100049537,15608,9.36436,31029.0,3313.52
100049537,16353,18.4481,11126200.0,603108.0
100049537,17734,12.7064,1270940.0,100024.0
100049537,16396,12.2058,19784800.0,1620940.0
100049537,16749,14.5046,1026130.0,70745.2
100049537,17631,21.5341,3699950.0,171818.0
100049537,16728,19.9463,9331050.0,467809.0
100049537,111220716,13.3967,819958.0,61206.0
100049537,17097,21.1335,646748.0,30603.0
100049537,16924,17.071,27884800.0,1633460.0
100049537,17210,22.8237,927664.0,40644.8
100049537,111220660,12.4893,3057680.0,244824.0
100049537,111220788,6.18381,252324.0,40804.0
100049537,17217,3.83822,260415.0,67847.8
100049537,17462,20.8398,8032910.0,385460.0
100049537,16372,28.6348,560229.0,19564.6
100049537,15708,11.0763,869030.0,78458.8
100049537,16488,17.1861,471910.0,27458.8
100049537,111220902,16.6793,2885390.0,172992.0
100049537,15568,10.6477,39382000.0,3698650.0
100049537,17038,18.0048,8891340.0,493832.0
100049537,17596,18.5891,32435200.0,1744860.0
100049537,17318,14.755,11424700.0,774288.0
100049537,17333,24.8901,2790570.0,112116.0
100049537,15795,21.8214,1817420.0,83286.3
100049537,16456,3.12551,37698.4,12061.5
100049537,16236,5.78087,38310.1,6627.05
100049537,17131,11.8326,177972.0,15040.8
100049537,15972,11.0692,112733.0,10184.4
100049537,17695,7.63936,22883500.0,2995480.0
100049537,15666,10.0528,26063000.0,2592610.0
100049537,15929,12.7414,744392.0,58422.9
100049537,16198,6.24226,421336.0,67497.4
100049537,16478,13.1546,2342160.0,178048.0
100049537,16890,15.9418,618992.0,38828.2
100049537,15751,12.0,141027000.0,11752200.0
100049537,15941,27.9334,854846.0,30603.0
100049537,16722,16.0052,1237930.0,77345.4
100049537,17620,22.5541,10000700.0,443409.0
100049537,16961,17.0048,6200810.0,364650.0
100049537,17298,14.0024,6885850.0,491764.0
100049537,111220926,12.8617,996701.0,77493.6
100049537,17520,23.3456,5337710.0,228638.0
100049537,111220702,21.6499,1044740.0,48255.9
100049537,16889,18.2243,3864230.0,212037.0
100049537,16334,1.32408,53412.8,40339.4
100049537,15974,14.2143,429566.0,30220.7
100049537,15585,24.1284,235801.0,9772.74
100049537,16900,15.1466,153908.0,10161.2
100049537,16364,19.9335,3293310.0,165215.0
100049537,16486,21.0306,9295990.0,442021.0
100049537,15785,17.7192,7086270.0,399921.0
100049537,111220672,11.1246,769304.0,69153.5
100049537,16513,3.76993,416797.0,110558.0
100049537,15565,13.999,1367840000.0,97709400.0
100049537,15626,11.5751,1959980.0,169327.0
100049537,15777,3.60824,117184.0,32476.9
100049537,17388,16.4896,1216470.0,73771.6
100049537,17421,20.0781,5580310.0,277930.0
100049537,15593,19.784,2496630.0,126194.0
100049537,17541,11.8084,2072130.0,175479.0
100049537,16369,14.3112,139157.0,9723.63
100049537,16355,19.683,10558800.0,536443.0
100049537,17022,15.8537,2571070.0,162175.0
100049537,17667,15.4458,5003550.0,323942.0
100049537,15616,6.63966,22000.7,3313.52
100049537,111220576,1.01374,12973.3,12797.5
100049537,16549,7.30875,1055750.0,144451.0
100049537,15799,11.9401,8109000.0,679141.0
100049537,16323,15.4263,19541800.0,1266790.0
100049537,15931,12.3851,1318730.0,106477.0
100049537,16487,20.6098,7259960.0,352258.0
100049537,17366,14.7246,6833760.0,464105.0
100049537,17443,29.2992,679584.0,23194.7
100049537,17145,15.3835,6368930.0,414011.0
100049537,111220930,17.4714,10103800.0,578306.0
100049537,16309,14.5717,53001200.0,3637260.0
100049537,111220900,11.3921,424419.0,37255.4
100049537,16671,22.1487,27279100.0,1231630.0
100049537,17343,15.2633,5203310.0,340904.0
100049537,16752,12.0786,6766280.0,560188.0
100049537,16653,14.6122,3564050.0,243910.0
100049537,17621,25.3659,3735980.0,147284.0
100049537,15705,9.68776,989103.0,102098.0
100049537,16994,18.4337,7123510.0,386440.0
100049537,111220906,16.0191,263706.0,16462.0
100049537,17597,4.68489,47293.2,10094.8
100049537,16789,19.3393,558329.0,28870.2
100049537,17223,15.7232,18162700.0,1155150.0
100049537,17235,19.12,7963520.0,416503.0
100049537,16530,15.5776,7354120.0,472095.0
100049537,16207,17.4737,3475230.0,198883.0
100049537,17709,6.09724,15326200.0,2513630.0
100049537,16636,17.4337,2196520.0,125993.0
100049537,15602,8.83863,73058.7,8265.83
100049537,17604,9.59849,1257580.0,131019.0
100049537,112892431,26.0172,1020020.0,39205.6
100049537,15949,10.4995,2035010.0,193819.0
100049537,16390,7.33209,50848.8,6935.09
100049537,111220850,17.538,2153030.0,122764.0
100049537,15589,17.3128,4077900.0,235542.0
100049537,17694,27.3996,809812.0,29555.7
100049537,17056,11.5126,989883.0,85982.4
100049537,17243,18.839,364419.0,19343.9
100049537,112892447,24.7668,976179.0,39414.9
100049537,15854,9.59907,11098900.0,1156250.0
100049537,17081,18.8333,8225040.0,436729.0
100049537,111220820,7.09371,289452.0,40804.0
100049537,16613,20.6643,3432820.0,166123.0
100049537,15869,21.0395,858495.0,40804.0
100049537,17573,23.7441,6260230.0,263654.0
100049537,111220722,19.9957,5502580.0,275188.0
100049537,112892371,2.70423,123403.0,45633.2
100049537,16318,7.97424,740411.0,92850.4
100049537,15819,16.4512,15823100.0,961820.0
100049537,112892327,21.6094,219383.0,10152.2
100049537,16968,15.184,1779380.0,117188.0
100049537,15856,17.7185,46813300.0,2642060.0
100049537,17141,10.7291,410596.0,38269.4
100049537,111220846,13.55,552894.0,40804.0
100049537,17425,10.7366,217349.0,20243.7
100049537,16811,6.81283,203582.0,29882.1
100049537,16523,6.73587,436902.0,64862.0
100049537,16625,24.6777,1002780.0,40635.2
100049537,17724,7.39553,5183760.0,700932.0
100049537,111220746,14.5998,744664.0,51005.0
100049537,16461,17.2611,2105580.0,121984.0
100049537,16813,14.5174,19918500.0,1372050.0
100049537,16528,9.28843,289870.0,31207.7
100049537,17036,18.0048,8891340.0,493832.0
100049537,17643,20.3532,1029460.0,50580.0
100049537,15566,12.8406,525861000.0,40952900.0
100049537,16458,12.8497,1209700.0,94142.3
100049537,16967,19.3947,22107500.0,1139870.0
100049537,15806,20.6975,807325.0,39005.9
100049537,15851,13.1393,63228500.0,4812180.0
100049537,16794,12.1608,117433.0,9656.66
100049537,16557,8.43613,921060.0,109180.0
100049537,17476,19.489,31862900.0,1634920.0
100049537,111220756,6.74034,481308.0,71407.0
100049537,112892415,33.8104,647038.0,19137.2
100049537,17033,18.0388,11466900.0,635678.0
100049537,15615,14.6388,1332170.0,91002.6
100049537,15871,31.4056,1281470.0,40804.0
100049537,16479,2.03343,101035.0,49686.8
100049537,16614,12.5271,89986.3,7183.32
100049537,15822,5.66915,468392.0,82621.2
100049537,15873,26.8947,9328010.0,346834.0
100049537,17330,19.2904,3948070.0,204665.0
100049537,17165,11.4767,429692.0,37440.4
100049537,16453,14.6939,3352970.0,228188.0
100049537,17066,23.7755,3678060.0,154700.0
100049537,17321,12.4946,747251.0,59805.8
100049537,15776,7.51233,705594.0,93924.8
100049537,17028,20.2478,3511320.0,173417.0
100049537,17390,21.1555,2284930.0,108007.0
100049537,15613,12.988,1424940.0,109712.0
100049537,17599,7.87965,384994.0,48859.3
100049537,16213,17.2657,12891600.0,746658.0
100049537,17438,22.0452,2004120.0,90909.8
100049537,15632,4.58641,86752.3,18915.1
100049537,17381,17.8424,1557310.0,87281.1
100049537,16771,11.973,5360950.0,447752.0
100049537,17363,17.1342,5896850.0,344157.0
100049537,17412,12.0921,906105.0,74933.6
100049537,16738,13.7201,2518150.0,183538.0
100049537,16450,20.0697,4246710.0,211598.0
100049537,16562,3.38616,82692.4,24420.7
100049537,17107,17.5401,6129230.0,349441.0
100049537,16253,17.6874,1117370.0,63173.3
100049537,17289,7.46862,832299.0,111440.0
100049537,17698,15.684,7557340.0,481849.0
100049537,111220826,12.4309,4139080.0,332966.0
100049537,16350,7.7892,476746.0,61206.0
100049537,17542,9.66639,335719.0,34730.5
100049537,15715,7.99611,1081620.0,135268.0
100049537,15905,27.3379,4041430.0,147833.0
100049537,17197,13.6356,148511.0,10891.4
100049537,17278,19.9367,809778.0,40617.5
100049537,111220778,16.5488,168814.0,10201.0
100049537,16670,4.11054,1161770.0,282633.0
100049537,17635,18.9063,961504.0,50856.3
100049537,16744,20.6889,3975300.0,192147.0
100049537,17291,3.81471,59505.2,15598.9
100049537,112892305,18.948,193289.0,10201.0
100049537,16569,20.7307,1305880.0,62992.6
100049537,15834,7.13824,21690700.0,3038660.0
100049537,17638,20.6326,2564780.0,124307.0
100049537,111220818,19.2953,4972260.0,257692.0
100049537,16474,20.0397,156638.0,7816.4
100049537,16956,22.0266,20483700.0,929951.0
100049537,16993,16.0776,2610620.0,162376.0
100049537,15773,17.8758,211237.0,11816.9
100049537,16509,16.0321,48409200.0,3019520.0
100049537,17098,17.4472,2491700.0,142814.0
100049537,15703,2.07198,131029.0,63238.6
100049537,16554,6.01093,104433.0,17373.9
100049537,16559,12.3318,1827860.0,148223.0
100049537,16384,4.51522,767777.0,170042.0
100049537,17156,15.6174,25759400.0,1649410.0
100049537,15720,9.57162,74156.9,7747.59
100049537,15766,6.74916,93090.1,13792.8
100049537,16596,26.0868,3429220.0,131454.0
100049537,16467,13.1008,1930280.0,147341.0
100049537,15656,7.89456,704241.0,89205.9
100049537,15836,8.14866,20055700.0,2461230.0
100049537,17375,20.9337,2231290.0,106589.0
100049537,17159,14.9436,2286590.0,153015.0
100049537,17250,13.5436,8015930.0,591860.0
100049537,112892441,24.7668,976179.0,39414.9
100049537,15686,11.9336,10944000.0,917071.0
100049537,16666,24.2434,490615.0,20237.1
100049537,15590,20.5808,646094.0,31393.0
100049537,15599,7.55323,215929.0,28587.6
100049537,15740,9.86099,5390550.0,546654.0
100049537,16925,10.844,7503430.0,691943.0
100049537,17126,11.8326,177972.0,15040.8
100049537,16308,14.5949,148058000.0,10144500.0
100049537,15835,2.8315,1635010.0,577434.0
100049537,16383,4.51522,767777.0,170042.0
100049537,111220754,16.0198,5764260.0,359820.0
100049537,15742,15.4817,2041390.0,131858.0
100049537,16497,19.0377,1833880.0,96328.9
100049537,17024,5.14221,318862.0,62008.6
100049537,16745,23.2571,1412510.0,60734.4
100049537,111220762,17.7721,6363910.0,358085.0
100049537,111220828,14.72,523940.0,35593.7
100049537,111220790,10.0644,99037.2,9840.34
100049537,17689,7.57233,7618580.0,1006110.0
100049537,16717,14.6684,3912370.0,266722.0
100049537,16805,17.3363,1234080.0,71184.7
100049537,17219,11.1975,407067.0,36353.5
100049537,17362,15.0567,720896.0,47878.7
100049537,16584,5.93221,826684.0,139355.0
100049537,17092,16.1023,51112000.0,3174200.0
100049537,17374,3.42941,17566.1,5122.2
100049537,114403715,7.36726,73511.6,9978.14
100049537,16821,7.2477,73933.8,10201.0
100049537,111220800,15.2322,143513.0,9421.68
100049537,16610,18.5817,372021.0,20020.9
100049537,16343,16.9592,8983600.0,529720.0
100049537,16579,9.4031,4160280.0,442437.0
100049537,17160,15.5433,317114.0,20402.0
100049537,17677,10.5921,16815400.0,1587550.0
100049537,16202,7.44569,96742.3,12993.1
100049537,17164,17.5226,8163500.0,465883.0
100049537,111220634,22.0036,16834100.0,765059.0
100049537,16659,29.2864,3558450.0,121505.0
100049537,15919,21.3989,4508970.0,210710.0
100049537,16319,11.7945,5259970.0,445966.0
100049537,16368,22.3398,1535730.0,68744.4
100049537,16552,2.00159,17691.0,8838.5
100049537,16676,22.4596,10651400.0,474244.0
100049537,17319,12.4946,747251.0,59805.8
100049537,17220,14.8883,56236900.0,3777270.0
100049537,17304,17.1996,9643330.0,560670.0
100049537,16209,19.1935,2643300.0,137718.0
100049537,16330,13.3367,2821540.0,211562.0
100049537,16718,8.26365,253176.0,30637.4
100049537,17653,10.1343,105133000.0,10373900.0
100049537,17144,14.9575,445667.0,29795.5
100049537,17208,18.9167,934639.0,49408.1
100049537,16518,9.77236,1176320.0,120372.0
100049537,16975,20.6364,322868.0,15645.6
100049537,16866,5.17546,131806.0,25467.5
100049537,15942,17.3677,9212720.0,530452.0
100049537,16960,7.03339,317913.0,45200.6
100049537,17069,22.474,302573.0,13463.2
100049537,17503,19.2025,1952990.0,101705.0
100049537,111220688,17.1232,1006410.0,58774.6
100049537,111220784,15.7353,872738.0,55463.6
100049537,17335,10.408,447930.0,43037.1
100049537,16678,24.8491,82729700.0,3329290.0
100049537,16510,13.6859,30484000.0,2227410.0
100049537,17460,20.2714,8203300.0,404674.0
100049537,17626,23.0519,754885.0,32747.2
100049537,17267,5.77628,84586.6,14643.8
100049537,17339,10.9115,222360.0,20378.4
100049537,16370,23.6625,1396580.0,59020.7
100049537,16200,7.52951,311893.0,41422.8
100049537,16214,5.0843,66688.5,13116.5
100049537,16912,21.4034,434438.0,20297.6
100049537,112892369,7.98035,373326.0,46780.7
100049537,17712,8.62229,18058400.0,2094390.0
100049537,17397,14.7655,666776.0,45157.8
100049537,16326,2.0817,99593.9,47842.5
100049537,16594,8.90902,335608.0,37670.6
100049537,15845,8.26736,843353.0,102010.0
100049537,17013,14.3651,875604.0,60953.5
100049537,15810,2.58764,433419.0,167496.0
100049537,112892367,15.6394,147205.0,9412.42
100049537,15725,7.60834,2671400.0,351114.0
100049537,15946,21.2356,6931970.0,326432.0
100049537,111220554,13.3975,66559600.0,4968040.0
100049537,17269,16.7102,747752.0,44748.2
100049537,17529,20.2429,2624120.0,129632.0
100049537,16333,13.4627,3533530.0,262468.0
100049537,16669,18.7819,28440800.0,1514270.0
100049537,112892285,5.3309,107303.0,20128.5
100049537,111220924,9.07558,92580.0,10201.0
100049537,15570,29.5168,1436350.0,48662.1
100049537,15680,9.78306,3843010.0,392823.0
100049537,17373,20.1311,2248860.0,111711.0
100049537,17540,14.6351,15513300.0,1060010.0
100049537,17293,17.8216,363596.0,20402.0
100049537,16546,18.2915,735079.0,40186.8
100049537,16551,7.70487,1043180.0,135393.0
100049537,111220736,10.739,225747.0,21021.2
100049537,17031,17.5143,11713600.0,668803.0
100049537,17148,18.5988,3467500.0,186437.0
100049537,15969,12.6834,1642880.0,129530.0
100049537,16773,13.4728,5002510.0,371305.0
100049537,15578,15.7303,309142.0,19652.6
100049537,16277,16.461,1106540.0,67221.9
100049537,16588,12.7708,3259240.0,255209.0
100049537,111220934,22.2523,1039170.0,46699.7
100049537,15622,9.79014,31687500.0,3236670.0
100049537,111220686,11.1728,227948.0,20402.0
100049537,17424,16.3058,8177240.0,501494.0
100049537,112892293,6.43422,64571.0,10035.5
100049537,15750,12.3177,304524000.0,24722600.0
100049537,15739,12.2645,309915000.0,25269200.0
100049537,16742,20.5526,4365400.0,212402.0
100049537,111220786,15.2377,5561550.0,364986.0
100049537,111220658,23.1451,6283460.0,271481.0
100049537,17478,18.607,16663200.0,895534.0
100049537,16114,8.37512,20203900.0,2412370.0
100049537,16399,2.18575,625186.0,286028.0
100049537,16981,14.3439,1456510.0,101542.0
100049537,15914,30.7398,2031040.0,66071.9
100049537,17221,14.5341,27010900.0,1858450.0
100049537,15853,14.5531,60472900.0,4155340.0
100049537,16607,20.5389,1119870.0,54524.1
100049537,16643,21.6122,5612940.0,259711.0
100049537,17648,28.3708,687889.0,24246.4
100049537,17669,10.4253,73413500.0,7041840.0
100049537,17623,25.3659,3735980.0,147284.0
100049537,17419,19.8366,6098800.0,307451.0
100049537,17580,25.1259,4137870.0,164685.0
100049537,16576,17.4267,349099.0,20032.4
100049537,16751,13.3451,9718310.0,728232.0
100049537,17416,19.2387,34647600.0,1800930.0
100049537,17725,8.17902,23283500.0,2846730.0
100049537,111220640,18.1986,4090580.0,224774.0
100049537,111220856,18.9865,510124.0,26867.8
100049537,16793,17.7366,1717950.0,96859.2
100049537,17231,14.4334,6690520.0,463546.0
100049537,17526,15.8416,315314.0,19904.2
100049537,16208,18.3891,374426.0,20361.3
100049537,17577,21.4447,2122370.0,98969.1
100049537,15820,4.74333,99842.7,21049.1
100049537,17652,23.1005,968740.0,41935.8
100049537,16631,24.922,6918760.0,277617.0
100049537,16376,12.2637,37351800.0,3045710.0
100049537,16571,20.7307,1305880.0,62992.6
100049537,16819,6.58548,268605.0,40787.5
100049537,17568,24.3727,600789.0,24650.1
100049537,111220936,30.8257,1384990.0,44929.8
100049537,17710,8.74917,18465400.0,2110530.0
100049537,15623,8.73288,5624530.0,644063.0
100049537,15786,4.24322,31390.7,7397.84
100049537,111220654,23.0205,704497.0,30603.0
100049537,15597,11.9963,935174.0,77955.1
100049537,17477,4.41696,225493.0,51051.7
100049537,17538,17.1117,27042500.0,1580350.0
100049537,15928,14.5367,15298200.0,1052390.0
100049537,16913,18.0993,3496820.0,193202.0
100049537,17063,11.5126,989883.0,85982.4
100049537,112892287,6.43422,64571.0,10035.5
100049537,15564,13.999,1367840000.0,97709400.0
100049537,17158,16.9928,17499900.0,1029840.0
100049537,16356,12.7047,940686.0,74042.7
100049537,16378,3.10368,259496.0,83609.1
100049537,111220932,16.391,143823.0,8774.47
100049537,16531,2.57006,16223.0,6312.3
100049537,17326,12.4946,747251.0,59805.8
100049537,111220614,16.3149,13133500.0,804999.0
100049537,16828,8.51366,347361.0,40800.5
100049537,111220880,9.16808,70573.6,7697.76
100049537,15765,17.1308,1286300.0,75087.3
100049537,16506,27.8738,272777.0,9786.15
100049537,16306,19.9272,587853.0,29500.0
100049537,17727,8.08949,22566000.0,2789550.0
100049537,112892409,28.6981,1380780.0,48114.1
100049537,16540,6.85963,185150.0,26991.2
100049537,17074,28.7409,2476940.0,86181.9
100049537,17679,10.0563,14748400.0,1466590.0
100049537,17726,12.5466,717459.0,57183.4
100049537,16385,2.26629,38985.5,17202.3
100049537,16626,22.998,10860500.0,472235.0
100049537,16395,13.3144,30877200.0,2319080.0
100049537,17198,17.0526,2715940.0,159269.0
100049537,15579,7.4233,73341.5,9879.9
100049537,15797,10.3895,8690510.0,836469.0
100049537,16526,5.68776,94793.4,16666.2
100049537,15982,12.7285,908906.0,71407.0
100049537,16206,10.5179,428833.0,40771.9
100049537,16681,28.4122,14045200.0,494336.0
100049537,17113,18.7387,1187610.0,63377.2
100049537,16950,22.7118,25521900.0,1123730.0
100049537,111220896,17.7317,1258700.0,70985.6
100049537,16483,17.5765,1063480.0,60506.1
100049537,17328,18.7838,4003400.0,213131.0
100049537,16321,7.66679,1064270.0,138816.0
100049537,15814,12.2684,6209590.0,506147.0
100049537,17417,7.15063,274039.0,38323.8
100049537,16899,15.1466,153908.0,10161.2
100049537,17085,21.692,5168490.0,238267.0
100049537,15654,4.66917,77830.2,16669.0
100049537,16627,25.4306,1745180.0,68625.1
100049537,17313,15.1367,849084.0,56094.3
100049537,111220794,15.3666,6459580.0,420366.0
100049537,16567,12.6823,895793.0,70633.4
100049537,16440,7.93924,69000.1,8691.02
100049537,111220922,7.56407,292414.0,38658.3
100049537,16201,9.02851,203476.0,22537.1
100049537,16340,15.0833,1198260.0,79442.8
100049537,16550,1.38778,12570.4,9057.93
100049537,17733,7.61811,20478700.0,2688160.0
100049537,17440,22.0452,2004120.0,90909.8
100049537,111220698,17.1504,5683560.0,331395.0
100049537,16521,6.29324,462305.0,73460.6
100049537,16970,15.184,1779380.0,117188.0
100049537,16986,20.9434,13111500.0,626044.0
100049537,112892435,21.8715,214455.0,9805.24
100049537,16719,15.4995,3659200.0,236085.0
100049537,17403,17.3667,1238840.0,71334.3
100049537,15831,13.4908,2201400.0,163178.0
100049537,16244,4.56629,232904.0,51005.0
100049537,16814,6.51096,1128780.0,173366.0
100049537,16604,19.57,2077920.0,106179.0
100049537,16507,22.2411,1562350.0,70246.1
100049537,16644,25.806,1520420.0,58917.2
100049537,15980,8.58444,525419.0,61206.0
100049537,17176,16.0835,653807.0,40650.7
100049537,112892413,25.3217,733745.0,28976.9
100049537,15800,6.35639,1633900.0,257048.0
100049537,16322,15.4263,19541800.0,1266790.0
100049537,17292,15.7156,17741900.0,1128930.0
100049537,17671,16.0125,21428900.0,1338260.0
100049537,15803,14.795,5667780.0,383087.0
100049537,16502,22.6821,2036030.0,89763.6
100049537,112892303,23.0623,702571.0,30464.0
100049537,15985,14.3885,2054880.0,142814.0
100049537,17331,14.3313,709575.0,49512.2
100049537,16358,21.2823,6324800.0,297186.0
100049537,15816,23.7419,1049380.0,44199.5
100049537,17433,19.8456,2390740.0,120467.0
100049537,16720,10.9786,544351.0,49582.9
100049537,16959,15.9051,6518720.0,409851.0
100049537,111220650,17.0316,1389910.0,81608.0
100049537,16539,16.5303,2158520.0,130579.0
100049537,17570,22.2233,2373850.0,106818.0
100049537,16647,16.363,2142920.0,130962.0
100049537,16995,6.82173,69372.4,10169.3
100049537,111220760,27.3823,1599610.0,58417.7
100049537,16658,20.2331,180449000.0,8918490.0
100049537,111220690,21.1273,4050640.0,191725.0
100049537,17666,10.6461,78417100.0,7365790.0
100049537,16455,14.6939,3352970.0,228188.0
100049537,16729,22.1812,1906920.0,85970.0
100049537,16876,16.5977,6105330.0,367842.0
100049537,17418,17.7467,16732600.0,942854.0
100049537,16877,16.5977,6105330.0,367842.0
100049537,16885,12.9776,1128430.0,86952.2
100049537,17266,17.118,3567300.0,208395.0
100049537,17514,23.2254,8345120.0,359311.0
100049537,16225,19.3647,11577700.0,597876.0
100049537,111220714,16.0981,1149520.0,71407.0
100049537,111220884,20.0507,1400580.0,69852.3
100049537,112892321,9.48371,481357.0,50756.2
100049537,16864,16.0629,5068500.0,315542.0
100049537,17196,16.8338,2864450.0,170160.0
100049537,112892317,23.2615,1891490.0,81314.2
100049537,17557,10.5003,168463.0,16043.6
100049537,15713,3.06121,91807.7,29990.6
100049537,16818,7.51616,689900.0,91789.0
100049537,15908,30.7522,553812.0,18008.8
100049537,15936,11.3939,2557040.0,224422.0
100049537,16294,12.1716,4678530.0,384382.0
100049537,17306,17.3485,9554120.0,550717.0
100049537,17445,19.5605,1324540.0,67715.2
100049537,16382,12.8311,36244200.0,2824710.0
100049537,17290,15.2313,29226000.0,1918820.0
100049537,15867,25.4324,11674600.0,459045.0
100049537,17639,16.6658,659390.0,39565.4
100049537,16001,12.5889,94925800.0,7540460.0
100049537,17494,17.9775,1947780.0,108345.0
100049537,16652,17.3886,7066740.0,406400.0
100049537,17109,17.5401,6129230.0,349441.0
100049537,111220872,12.1987,746635.0,61206.0
100049537,17383,17.8424,1557310.0,87281.1
100049537,16612,20.6643,3432820.0,166123.0
100049537,15921,20.3663,1310390.0,64341.2
100049537,111220612,7.52148,587713.0,78138.0
100049537,16264,15.7637,2896190.0,183726.0
100049537,16843,15.5369,13721200.0,883137.0
100049537,15767,19.4669,1193210.0,61294.4
100049537,15852,4.19522,2755600.0,656842.0
100049537,16743,19.2593,390103.0,20255.3
100049537,16564,15.9749,849372.0,53169.1
100049537,15911,23.926,922576.0,38559.5
100049537,17080,7.82119,314035.0,40151.8
100049537,16654,21.5564,3502690.0,162490.0
100049537,111220724,11.9231,851392.0,71407.0
100049537,15687,11.3681,2514440.0,221185.0
100049537,17230,11.3682,598740.0,52668.0
100049537,111220908,18.9598,994772.0,52467.5
100049537,15723,6.68887,2789400.0,417021.0
100049537,16915,18.1982,109545000.0,6019540.0
100049537,17170,17.2728,6395950.0,370290.0
100049537,17605,17.7123,16512300.0,932249.0
100049537,16780,16.0164,827588.0,51671.2
100049537,16927,19.1695,10790500.0,562896.0
100049537,16205,16.2903,3904060.0,239655.0
100049537,16544,21.9403,1180780.0,53818.0
100049537,15673,14.5299,2529140.0,174064.0
100049537,111220692,10.2688,733265.0,71407.0
100049537,112892419,20.8842,203736.0,9755.49
100049537,16336,1.69962,57716.3,33958.3
100049537,16520,14.7529,9974940.0,676135.0
100049537,15653,8.43345,2988660.0,354382.0
100049537,16481,17.3551,1177640.0,67855.4
100049537,15614,4.9589,92779.3,18709.7
100049537,111220558,12.5106,19204900.0,1535080.0
100049537,16437,17.2664,7651310.0,443132.0
100049537,17487,19.1701,10700200.0,558170.0
100049537,17500,21.2325,13593400.0,640216.0
100049537,17571,23.7441,6260230.0,263654.0
100049537,16314,9.70935,7690130.0,792033.0
100049537,17467,22.4574,6122900.0,272645.0
100049537,15868,25.4324,11674600.0,459045.0
100049537,17212,14.275,2254770.0,157952.0
100049537,17277,11.1199,3930870.0,353500.0
100049537,16239,14.3893,2649790.0,184150.0
100049537,15756,27.4787,609230.0,22171.0
100049537,15930,14.6422,14553800.0,993964.0
100049537,16310,13.6033,40339200.0,2965410.0
100049537,17628,26.0275,2981100.0,114536.0
100049537,15624,9.55132,2571970.0,269279.0
100049537,16817,5.37994,438881.0,81577.4
100049537,17355,16.2219,15700400.0,967852.0
100049537,17472,20.9846,1126400.0,53677.7
100049537,16646,27.9183,1949600.0,69832.5
100049537,17525,19.6571,2939440.0,149536.0
100049537,17641,18.965,188037.0,9914.96
100049537,16774,10.0855,886353.0,87884.2
100049537,15569,16.6558,7694540.0,461973.0
100049537,111220670,24.1348,905453.0,37516.5
100049537,16755,13.2634,405865.0,30600.3
100049537,16786,12.6561,152565.0,12054.6
100049537,17432,4.89424,65787.4,13441.8
100049537,111220868,19.4439,873646.0,44931.7
100049537,17711,25.2081,407016.0,16146.2
100049537,112892425,23.5569,916169.0,38891.8
100049537,16373,22.8993,458013.0,20001.2
100049537,17025,17.6915,27157400.0,1535060.0
100049537,17178,16.0835,653807.0,40650.7
100049537,16809,17.4837,180387000.0,10317400.0
100049537,111220632,22.1331,3649580.0,164892.0
100049537,111220704,9.44833,142871.0,15121.3
100049537,111220752,13.7677,444958.0,32319.0
100049537,15781,9.84887,506803.0,51458.0
100049537,15577,15.9199,4833250.0,303598.0
100049537,16492,24.1388,4046420.0,167632.0
100049537,17237,19.12,7963520.0,416503.0
100049537,17692,8.12523,78225600.0,9627490.0
100049537,112892361,3.09328,27079.0,8754.13
100049537,16591,20.2269,5055410.0,249935.0
100049537,16897,14.3535,291704.0,20322.8
100049537,111220652,23.1498,1416910.0,61206.0
100049537,16621,14.3365,573528.0,40004.8
100049537,16489,22.3161,6286650.0,281709.0
100049537,17103,17.9875,5790310.0,321907.0
100049537,16313,13.8938,39769800.0,2862420.0
100049537,17674,9.11438,51984600.0,5703580.0
100049537,111220894,6.51802,209550.0,32149.3
100049537,16248,17.6874,1117370.0,63173.3
100049537,111220898,7.12949,268166.0,37613.6
100049537,16203,1.98127,11675.0,5892.67
100049537,16911,18.4134,3931260.0,213500.0
100049537,17563,22.6263,2974640.0,131468.0
100049537,111220798,23.374,291972.0,12491.3
100049537,17338,13.312,6674000.0,501351.0
100049537,112892331,12.3597,1126600.0,91151.2
100049537,15668,14.4685,800997.0,55361.6
100049537,16387,1.61214,11948.9,7411.8
100049537,17678,17.0885,2067040.0,120961.0
100049537,112892309,8.89724,1259770.0,141592.0
100049537,15702,6.77485,1120130.0,165337.0
100049537,17115,18.7387,1187610.0,63377.2
100049537,111220854,4.95123,29884.3,6035.74
100049537,17481,17.7225,3730930.0,210520.0
100049537,111220564,9.92879,10303100.0,1037700.0
100049537,111220870,20.2204,2110640.0,104382.0
100049537,16674,25.2221,15263300.0,605153.0
100049537,16874,19.8014,4030210.0,203531.0
100049537,16280,16.461,1106540.0,67221.9
100049537,16433,17.9603,12744400.0,709586.0
100049537,16784,10.8589,116694.0,10746.4
100049537,16952,23.8689,24658500.0,1033080.0
100049537,112892353,21.4877,202470.0,9422.63
100049537,17203,21.5493,1733020.0,80421.3
100049537,16371,19.4468,378336.0,19454.9
100049537,17043,9.84915,275428.0,27964.7
100049537,16660,30.2942,3067840.0,101268.0
100049537,17508,16.7912,1373920.0,81823.8
100049537,16650,20.0818,201858000.0,10051800.0
100049537,111220560,14.6506,32898800.0,2245550.0
100049537,16990,24.4029,8933000.0,366063.0
100049537,16578,14.1426,11293600.0,798551.0
100049537,15693,14.8364,6167450.0,415697.0
100049537,17305,8.96257,89200.9,9952.61
100049537,111220928,19.5758,5411730.0,276450.0
100049537,15762,29.3096,193256.0,6593.63
100049537,16938,25.3313,9590960.0,378621.0
100049537,16987,16.0632,1567850.0,97604.9
100049537,15670,20.1663,876599.0,43468.4
100049537,16515,9.77236,1176320.0,120372.0
100049537,17094,5.76158,212060.0,36805.8
100049537,16259,15.7637,2896190.0,183726.0
100049537,16393,4.80888,665994.0,138493.0
100049537,17199,25.4731,689728.0,27076.7
100049537,17300,14.4966,6686610.0,461254.0
100049537,111220876,21.5252,3073600.0,142791.0
100049537,16641,21.7084,6061930.0,279244.0
100049537,17096,18.0977,3138450.0,173417.0
100049537,16572,20.4454,303558.0,14847.2
100049537,16732,24.7401,4905970.0,198301.0
100049537,17730,20.5872,2087330.0,101390.0
100049537,15754,14.2241,110621.0,7776.97
100049537,15774,6.56183,730784.0,111369.0
100049537,16920,15.1921,30758200.0,2024620.0
100049537,16211,15.4876,28505800.0,1840560.0
100049537,16651,20.1091,187516000.0,9324890.0
100049537,17614,25.5766,2567990.0,100404.0
100049537,112892311,19.0288,7730460.0,406250.0
100049537,16533,7.47712,251651.0,33656.2
100049537,15940,17.944,10067600.0,561055.0
100049537,16624,23.1311,11863200.0,512870.0
100049537,15748,21.3176,2709900.0,127121.0
100049537,17426,16.54,7959890.0,481250.0
100049537,111220696,24.6953,445669.0,18046.7
100049537,16398,12.333,19750800.0,1601460.0
100049537,16725,19.7306,14342500.0,726915.0
100049537,16954,22.0266,20483700.0,929951.0
100049537,16996,18.7475,7054140.0,376270.0
100049537,15798,3.69614,581509.0,157329.0
100049537,17682,15.4834,7129810.0,460480.0
100049537,17400,18.2864,10983900.0,600658.0
100049537,17294,19.0944,194782.0,10201.0
100049537,16354,8.66565,437733.0,50513.6
100049537,16808,17.2183,444803000.0,25833100.0
100049537,17101,17.2896,6087290.0,352078.0
100049537,16505,20.6442,200895.0,9731.29
100049537,16593,20.2269,5055410.0,249935.0
100049537,16716,14.6684,3912370.0,266722.0
100049537,15600,5.39944,46509.9,8613.83
100049537,16776,14.8717,2368930.0,159292.0
100049537,17461,8.86805,170389.0,19213.8
100049537,16231,9.37796,1052310.0,112211.0
100049537,16215,17.4835,12824900.0,733542.0
100049537,111220730,16.4616,5607200.0,340623.0
100049537,17539,5.33334,200121.0,37522.6
100049537,16332,15.8007,12517100.0,792189.0
100049537,16865,16.0629,5068500.0,315542.0
100049537,17640,22.4847,1905390.0,84741.4
100049537,16778,14.0759,1747230.0,124129.0
100049537,111220796,12.1001,413599.0,34181.3
100049537,15655,8.61925,2910830.0,337713.0
100049537,111220720,16.8584,1379830.0,81848.2
100049537,15576,15.1416,6258190.0,413310.0
100049537,16470,1.71499,74391.3,43377.2
100049537,16692,16.7618,61643300.0,3677610.0
100049537,111220556,12.1743,14455900.0,1187410.0
100049537,15877,6.75251,206647.0,30603.0
100049537,17124,11.8326,177972.0,15040.8
100049537,17311,15.1367,849084.0,56094.3
100049537,15667,12.0918,8049750.0,665718.0
100049537,16443,14.9684,3335610.0,222843.0
100049537,15724,1.79046,118003.0,65906.7
100049537,111220768,11.5554,270033.0,23368.6
100049537,111220816,13.9099,635138.0,45660.9
100049537,15663,6.25313,348962.0,55806.0
100049537,17054,11.5126,989883.0,85982.4
100049537,112892355,7.59711,204597.0,26930.9
100049537,16250,17.6874,1117370.0,63173.3
100049537,15903,12.5363,159554000.0,12727300.0
100049537,17523,18.389,3295310.0,179201.0
100049537,16295,12.1716,4678530.0,384382.0
100049537,16772,4.68878,358443.0,76446.9
100049537,17558,19.6958,1776590.0,90201.4
100049537,112892363,19.5944,188366.0,9613.25
100049537,17437,21.5199,17641000.0,819753.0
100049537,17244,16.2747,980944.0,60274.2
100049537,114403711,21.5564,3502690.0,162490.0
100049537,15906,21.1971,534008.0,25192.5
100049537,17093,16.6269,25352600.0,1524800.0
100049537,16297,13.7297,4491650.0,327147.0
100049537,16511,6.89869,1593120.0,230931.0
100049537,111220852,16.2658,5777150.0,355173.0
100049537,15669,11.8763,7248750.0,610356.0
100049537,16466,13.1303,4272440.0,325389.0
100049537,16490,22.8947,406342.0,17748.3
100049537,112892319,18.3862,1123980.0,61131.6
100049537,15659,9.63994,1857630.0,192701.0
100049537,17027,18.0239,735447.0,40804.0
100049537,16680,26.416,68888200.0,2607820.0
100049537,16879,14.7227,1850950.0,125721.0
100049537,16882,18.6366,722520.0,38768.8
100049537,15907,28.5993,3507420.0,122640.0
100049537,16541,19.0502,1973370.0,103588.0
100049537,16542,6.00073,57506.8,9583.3
100049537,15821,16.7131,15723200.0,940771.0
100049537,15956,13.8017,9481890.0,687011.0
100049537,17392,21.1555,2284930.0,108007.0
100049537,16747,25.3295,1536660.0,60667.0
100049537,17135,22.086,221153.0,10013.3
100049537,111220552,11.0271,28366200.0,2572420.0
100049537,111220668,15.0836,355473.0,23566.9
100049537,17457,21.1382,3743590.0,177101.0
100049537,15787,17.9732,7054880.0,392523.0
100049537,17352,18.34,157067000.0,8564160.0
100049537,111220636,11.7622,1058600.0,90000.0
100049537,17480,15.3689,284306.0,18498.8
100049537,15983,15.4219,4349810.0,282054.0
100049537,17515,11.1159,82088.4,7384.8
100049537,15818,11.4315,100742000.0,8812660.0
100049537,17548,10.21,1413710.0,138463.0
100049537,15617,15.3661,1296520.0,84375.6
100049537,112892307,11.082,338219.0,30519.7
100049537,16951,9.52412,863340.0,90647.8
100049537,17023,17.5766,40683300.0,2314630.0
100049537,17079,17.9061,8539080.0,476881.0
100049537,15710,5.07938,120074.0,23639.4
100049537,16781,16.0164,827588.0,51671.2
100049537,111220848,8.96596,29708.9,3313.52
100049537,17495,4.03976,29918.7,7406.06
100049537,112892329,20.1257,1225090.0,60871.8
100049537,111220792,24.8567,2995510.0,120511.0
100049537,111220764,16.7286,325432.0,19453.6
100049537,112892427,29.0866,848849.0,29183.5
100049537,17496,19.0002,1917860.0,100939.0
100049537,16512,6.89869,1593120.0,230931.0
100049537,16756,13.2634,405865.0,30600.3
100049537,15580,24.1284,235801.0,9772.74
100049537,16868,8.05866,475202.0,58967.9
100049537,17407,20.4065,8536710.0,418332.0
100049537,17479,17.5324,4015230.0,229018.0
100049537,17361,16.8805,6617750.0,392036.0
100049537,17598,16.9995,20951500.0,1232480.0
100049537,111220638,21.0849,1051630.0,49876.0
100049537,15699,8.07349,2262110.0,280190.0
100049537,16867,17.0187,4936690.0,290074.0
100049537,17543,12.337,1736410.0,140749.0
100049537,16261,15.7637,2896190.0,183726.0
100049537,16602,19.57,2077920.0,106179.0
100049537,112892421,25.9274,1765020.0,68075.4
100049537,16316,5.46745,625479.0,114401.0
100049537,16386,4.76834,728792.0,152840.0
100049537,17068,23.7755,3678060.0,154700.0
100049537,17556,18.3072,1945050.0,106245.0
100049537,16345,17.4102,8967800.0,515090.0
100049537,17042,14.5742,2305660.0,158202.0
100049537,15722,6.68887,2789400.0,417021.0
100049537,17629,21.5341,3699950.0,171818.0
100049537,16315,9.70935,7690130.0,792033.0
100049537,17547,14.8903,11454200.0,769237.0
100049537,17402,18.919,10681700.0,564600.0
100049537,16537,14.0394,3805270.0,271042.0
100049537,17032,7.44961,246764.0,33124.4
100049537,111220904,16.0053,6730670.0,420527.0
100049537,112892325,15.8537,2571070.0,162175.0
100049537,17229,14.1206,7289260.0,516214.0
100049537,111220874,12.0497,284725.0,23629.2
100049537,15684,11.0055,12869200.0,1169340.0
100049537,16532,15.7539,7337900.0,465783.0
100049537,16699,14.0563,10297600.0,732598.0
100049537,15625,6.12283,611987.0,99951.8
100049537,15792,18.2976,4830140.0,263977.0
100049537,15588,11.6209,230278.0,19815.8
100049537,16346,0.974338,11524.1,11827.7
100049537,16296,3.26526,186887.0,57235.0
100049537,111220684,19.742,1208330.0,61206.0
100049537,15718,7.90039,1007460.0,127520.0
100049537,16535,20.368,3280980.0,161085.0
100049537,16754,12.4417,6594410.0,530024.0
100049537,16672,8.96255,1364430.0,152237.0
100049537,16469,13.1008,1930280.0,147341.0
100049537,111220832,23.1994,1416420.0,61054.3
100049537,15828,18.7827,13053400.0,694972.0
100049537,17161,14.8513,1969480.0,132613.0
100049537,17225,7.97827,244159.0,30603.0
100049537,17354,10.9761,334109.0,30439.6
100049537,15741,18.3463,4751290.0,258979.0
100049537,17134,17.6743,1605360.0,90830.5
100049537,17026,19.8242,4246770.0,214221.0
100049537,17209,12.9214,3442850.0,266445.0
100049537,15870,25.861,10816100.0,418241.0
100049537,16679,19.1852,13841500.0,721469.0
100049537,16727,13.8317,646007.0,46704.7
100049537,15601,8.48206,169419.0,19973.8
100049537,16524,3.07498,52238.0,16988.1
100049537,15620,4.11659,13640.4,3313.52
100049537,16791,17.7366,1717950.0,96859.2
100049537,15904,17.0894,34520800.0,2020010.0
100049537,15768,14.9514,384492.0,25716.1
100049537,16887,17.8661,3962670.0,221798.0
100049537,16210,11.2124,457510.0,40804.0
100049537,111220570,9.8136,9964760.0,1015400.0
100049537,111220878,18.7412,7341860.0,391750.0
100049537,17582,12.7109,125428.0,9867.76
100049537,17601,7.87965,384994.0,48859.3
100049537,15752,15.8075,3971510.0,251242.0
100049537,17242,16.8977,1345360.0,79618.0
100049537,16623,22.6295,17925200.0,792114.0
100049537,16519,14.4709,28890900.0,1996480.0
100049537,15685,7.63152,1925170.0,252265.0
100049537,15932,16.1041,10678100.0,663065.0
100049537,17044,15.5888,2030230.0,130237.0
100049537,17693,7.83242,23693300.0,3025030.0
100049537,16212,16.0673,16044400.0,998574.0
100049537,111220910,24.3567,518112.0,21271.9
100049537,15770,25.1452,597485.0,23761.4
100049537,16615,21.0321,3342840.0,158940.0
100049537,17451,22.9311,7433560.0,324169.0
100049537,15943,24.0907,245750.0,10201.0
100049537,111220664,22.5009,998066.0,44356.7
100049537,111220844,21.8211,4343760.0,199062.0
100049537,111220858,21.1358,1850730.0,87563.8
100049537,16247,14.6141,11873600.0,812481.0
100049537,17380,18.6928,15044400.0,804819.0
100049537,16522,2.95434,25403.3,8598.65
100049537,17078,16.3211,898548.0,55054.5
100049537,16695,18.1198,11690800.0,645196.0
100049537,111220626,21.2232,11980500.0,564502.0
100049537,17089,15.4674,1532440.0,99075.9
100049537,111220882,19.0987,446701.0,23389.1
100049537,16377,5.01168,1107590.0,221002.0
100049537,16668,20.2805,172814000.0,8521170.0
100049537,16338,20.4561,2224140.0,108728.0
100049537,16726,19.3912,9977050.0,514513.0
100049537,16919,18.5561,83282400.0,4488150.0
100049537,17224,10.9549,1564510.0,142814.0
100049537,111220584,3.10368,259496.0,83609.1
100049537,15809,8.92474,8861380.0,992901.0
100049537,17537,28.6981,1380780.0,48114.1
100049537,17341,18.0215,724357.0,40194.1
100049537,17524,11.9967,355878.0,29664.8
100049537,111220624,14.2179,1766980.0,124278.0
100049537,15759,36.8683,1041310.0,28244.1
100049537,16233,12.0812,2921000.0,241782.0
100049537,17280,12.1108,2943860.0,243078.0
100049537,17518,23.7276,2925330.0,123288.0
100049537,17650,24.3861,1435700.0,58873.5
100049537,17182,14.9007,7241930.0,486013.0
100049537,17431,18.3448,2456530.0,133909.0
100049537,16348,19.182,8479530.0,442056.0
100049537,16916,6.90498,1583650.0,229349.0
100049537,16997,17.244,1400690.0,81227.5
100049537,16199,4.19729,109443.0,26074.6
100049537,111220734,21.8069,428060.0,19629.6
100049537,17123,15.6418,8597940.0,549678.0
100049537,17275,11.6011,4448630.0,383465.0
100049537,17286,2.53891,177228.0,69804.8
100049537,15788,8.99946,407319.0,45260.3
100049537,16580,1.49168,42764.1,28668.5
100049537,17299,6.53025,199236.0,30509.7
100049537,15917,19.7639,5113580.0,258734.0
100049537,17549,15.9177,10040500.0,630774.0
100049537,15971,15.3137,1288170.0,84118.7
100049537,16290,18.2053,2075010.0,113978.0
100049537,17132,17.6743,1605360.0,90830.5
100049537,16439,17.2664,7651310.0,443132.0
100049537,15861,7.17205,2560670.0,357035.0
100049537,15920,17.3037,1219270.0,70462.9
100049537,16871,15.6404,431280.0,27574.7
100049537,15918,12.5898,604610.0,48023.6
100049537,17226,11.7666,1320350.0,112211.0
100049537,16328,16.7579,16604300.0,990835.0
100049537,17095,17.6301,16542600.0,938313.0
100049537,111220748,9.40567,575683.0,61206.0
100049537,17146,19.2902,1766630.0,91581.9
100049537,16616,27.8965,212325.0,7611.18
100049537,17651,9.21384,185598000.0,20143400.0
100049537,16783,16.0164,827588.0,51671.2
100049537,112892301,17.3363,1234080.0,71184.7
100049537,17271,24.0872,2477990.0,102876.0
100049537,111220566,16.9793,256856.0,15127.6
100049537,17401,8.38144,302213.0,36057.5
100049537,15775,1.44404,25190.0,17444.2
100049537,16335,15.6671,3480120.0,222129.0
100049537,15837,4.25637,5507840.0,1294020.0
100049537,16352,18.8463,12662000.0,671852.0
100049537,111220682,17.2438,1055430.0,61206.0
100049537,16574,23.2357,653224.0,28112.9
100049537,16694,17.7844,42698000.0,2400870.0
100049537,112892359,9.7662,177518.0,18176.8
100049537,17143,15.3549,6814600.0,443807.0
100049537,17367,10.3268,207257.0,20069.8
100049537,15812,4.24996,1168990.0,275059.0
100049537,17205,5.66313,293183.0,51770.6
100049537,17004,20.4103,4777840.0,234089.0
100049537,16895,14.58,929849.0,63775.6
100049537,112892429,21.1347,415674.0,19667.9
100049537,111220766,22.088,385479.0,17452.0
100049537,16661,24.2434,490615.0,20237.1
100049537,17368,14.9234,6626510.0,444035.0
100049537,17386,25.2296,340838.0,13509.5
100049537,16476,13.1546,2342160.0,178048.0
100049537,16317,10.4255,7064650.0,677633.0
100049537,112892313,16.1118,4143280.0,257158.0
100049537,16235,12.0812,2921000.0,241782.0
100049537,16753,5.69798,171874.0,30164.1
100049537,17207,13.8593,4377490.0,315853.0
100049537,17420,17.5634,518483.0,29520.7
100049537,15738,12.4833,338420000.0,27109800.0
100049537,17153,8.34455,1134790.0,135992.0
100049537,17613,11.4654,228704.0,19947.3
100049537,15973,17.0626,745869.0,43713.6
100049537,17449,22.9311,7433560.0,324169.0
100049537,17506,29.1264,579066.0,19881.1
100049537,16472,17.6735,1699260.0,96147.3
100049537,15627,7.4705,238921.0,31981.8
100049537,16697,20.2425,20709600.0,1023070.0
100049537,16649,19.6267,211576000.0,10780000.0
100049537,16397,1.74678,34018.0,19474.7
100049537,15744,21.3176,2709900.0,127121.0
100049537,17329,6.5351,55324.9,8465.8
100049537,111220830,29.2671,290932.0,9940.57
100049537,16311,5.5288,569377.0,102984.0
100049537,16688,23.3776,26079300.0,1115570.0
100049537,15842,12.8657,13704500.0,1065200.0
100049537,15979,14.0615,7839010.0,557481.0
100049537,16581,9.95125,4117510.0,413768.0
100049537,17603,16.7125,17769800.0,1063270.0
100049537,15587,16.8711,4308180.0,255358.0
100049537,16325,15.6174,19525500.0,1250240.0
100049537,17295,16.5488,168814.0,10201.0
100049537,16582,1.64508,31591.9,19203.9
100049537,111220666,17.5611,7893280.0,449475.0
100049537,15610,7.78269,65331.0,8394.4
100049537,17562,23.1124,9360300.0,404990.0
100049537,16344,1.08062,15809.7,14630.2
100049537,17172,17.2728,6395950.0,370290.0
100049537,112892365,6.32385,643933.0,101826.0
100049537,16605,18.5256,586034.0,31633.8
100049537,17139,22.8828,973614.0,42547.9
100049537,111220568,11.367,81461.9,7166.52
